1088 6413 1252 5705,sarveta hu
1187 1345 7360 1778,joseph halterhoff
1201 3818 5944 8914,thuytran day
1274 2074 5563 1129,ping rao
1333 3799 3256 5596,jyoti muehler
1335 6255 1979 2472,quynh lu
1361 1845 8486 4358,joseph leonardi
1373 7131 2436 1102,jayasree halterhoff
1408 1721 2436 9442,jerry lum
1456 8405 8342 1706,zoya szeatkate
1580 1564 3722 1435,jennifer pham
1611 4824 4939 9984,stephen clark
1699 2689 1604 5964,tom lam
1755 1439 7183 4479,pratimar chow
1763 7415 3342 1751,zoya rao
1864 1131 7555 3077,john nesbitt
1867 8852 3606 2220,diana kamasetty
1897 6859 7945 1888,joanne chou
1943 1307 6835 9693,david heron
2001 5180 8835 6264,jeffrey kim
2005 2997 8092 7509,quyen rao
2114 5493 1146 8449,rich shamina
2278 7476 7943 3756,edward kamasetty
2331 9067 8870 9170,anitha leon
2378 6721 1117 6118,bob kong
2388 1574 4127 8265,timotius duc
2642 9273 1209 6276,bob tseng
2745 7355 7426 1938,tsung smith
2755 1028 2192 6037,shreemathi dutta
2808 2652 7693 6260,diana lemere
2857 6907 1011 1792,twi chow
2871 1125 1181 5846,quynh quader
2879 4542 9898 5935,chau armstrong
2969 8725 6134 1423,pat ryan
2972 7505 2276 6935,michael dutta
3031 1027 3330 8160,jerry kim
3073 2386 8007 1863,anitha bleick
3134 1697 1042 8780,shreemathi lemere
3234 4052 1018 6102,lihong aligireddy
3243 4034 7741 1405,craig kamasetty
3289 2422 1817 5356,purnima tefft
3406 8354 1766 5889,phuong aligireddy
3984 1431 5803 7844,ted shamina
3990 8243 3100 1024,rita menchaca
3994 3306 1840 6640,brenda saini
4244 2807 7991 8169,genway bobbett
4306 7549 3095 5921,vibha chou
4318 1360 6026 6548,kevin lum
4350 6772 9812 1260,joanne wang
4491 2713 1042 5225,cheng yu
4504 4419 3611 1964,ban muehler
4533 8659 8219 5068,vivek leon
4694 4324 7679 1566,debby yu
4785 2691 7479 9249,purnima wang
4821 4177 6482 1709,sarveta heron
4825 4249 5777 8403,markus smith
4829 1932 1340 3325,patrick saini
4947 2923 1386 6587,john parmar
4954 1563 6318 1026,tuyet markett
5432 4847 1400 1221,nitya nguyen
5501 9178 7699 1899,claude shur
5579 5607 1086 6376,zoya perez
5691 8637 4999 1674,craig larab
5813 6600 1151 1386,claude nguyen
5901 8456 1400 2896,anitha dooling
5962 3983 6768 5328,sarveta jadhav
6023 9102 1386 7328,angus davis
6028 8869 3210 1248,nitya chow
6333 1362 1382 1737,phuong tran
6406 9635 9565 5566,yoga wang
6420 8429 1244 4367,kevin su
6523 6605 2936 6658,tom nguyen
6815 7863 3012 1096,michael larab
6877 1494 2672 5954,debby smith
6928 1892 3423 9835,beilei smith
6930 5414 1848 2150,phyllis tran
6943 4666 5106 2412,darrell rasmussen
6957 1885 9027 7375,lihong bobbett
7195 4488 9984 2046,lay nguyen
7249 8298 2259 4670,angus nguyen
7425 1785 7054 9859,tsung leon
7549 3224 1225 2932,ban huang
7649 8115 1051 9678,joanne menchacia
7821 7269 8967 1484,jay dutta
7823 2891 7268 1094,jennifer tjahjadi
7865 1478 7924 4525,sarveta shur
7890 4041 2739 5842,ted nguyen
7961 4976 6484 4336,hy lum
7971 7867 2376 1666,lay nguyen
8008 6569 4505 2332,edward pham
8140 2890 2050 6197,sarveta su
8230 9403 3955 6931,yoga rao
8288 2538 1517 2205,long leon
8345 2275 3362 9901,chau larab
8381 1123 2174 5187,quyen quader
8837 3587 5253 4796,giao gogineni
8975 4935 6838 5956,vivek hong
9052 1852 7479 2199,thuy won
9232 8316 7889 2742,anitha weidner
9606 2117 1417 1464,phuong farley
